-- phpMyAdmin SQL Dump
-- version phpStudy 2014
-- http://www.phpmyadmin.net
--
-- ä¸»æœº: localhost
-- ç”Ÿæˆæ—¥æœŸ: 2018 å¹?07 æœ?30 æ—?09:28
-- æœåŠ¡å™¨ç‰ˆæœ¬: 5.5.53
-- PHP ç‰ˆæœ¬: 5.6.27

SET SQL_MODE="NO_AUTO_VALUE_ON_ZERO";
SET time_zone = "+00:00";


/*!40101 SET @OLD_CHARACTER_SET_CLIENT=@@CHARACTER_SET_CLIENT */;
/*!40101 SET @OLD_CHARACTER_SET_RESULTS=@@CHARACTER_SET_RESULTS */;
/*!40101 SET @OLD_COLLATION_CONNECTION=@@COLLATION_CONNECTION */;
/*!40101 SET NAMES utf8 */;

--
-- æ•°æ®åº“: `student`
--
CREATE DATABASE `student` DEFAULT CHARACTER SET utf8 COLLATE utf8_general_ci;
USE `student`;

-- --------------------------------------------------------

--
-- è¡¨çš„ç»“æ„ `student_access`
--

CREATE TABLE IF NOT EXISTS `student_access` (
  `access_id` int(11) NOT NULL AUTO_INCREMENT COMMENT 'ä¸»é”®',
  `access_name` varchar(100) DEFAULT NULL COMMENT '''æƒé™çš„é¡µé¢åå­—''',
  `access_url` varchar(100) NOT NULL,
  `parent_id` int(11) NOT NULL,
  `isnav` tinyint(1) NOT NULL,
  `is_show` int(11) NOT NULL DEFAULT '1',
  PRIMARY KEY (`access_id`)
) ENGINE=InnoDB  DEFAULT CHARSET=utf8 AUTO_INCREMENT=56 ;

--
-- è½¬å­˜è¡¨ä¸­çš„æ•°æ® `student_access`
--

INSERT INTO `student_access` (`access_id`, `access_name`, `access_url`, `parent_id`, `isnav`, `is_show`) VALUES
(1, 'ç­çº§ç®¡ç†', 'class', 0, 1, 1),
(2, 'ç­çº§åˆ—è¡¨', 'class_list', 1, 1, 1),
(3, 'ç­çº§æ·»åŠ ', 'class_add', 1, 1, 1),
(4, 'ç”¨æˆ·ç®¡ç†', 'user', 0, 1, 1),
(5, 'ç”¨æˆ·åˆ—è¡¨', 'user_list', 4, 1, 1),
(6, 'ç”¨æˆ·æ·»åŠ ', 'user_add', 4, 1, 1),
(7, 'ä½œä¸šç®¡ç†', 'homework', 0, 1, 1),
(8, 'ä½œä¸šåˆ—è¡¨', 'homework_list', 7, 1, 1),
(9, 'ä½œä¸šæ·»åŠ ', 'homework_add', 7, 1, 1),
(10, 'å…¬å‘Šç®¡ç†', 'notice', 0, 1, 1),
(11, 'å…¬å‘Šåˆ—è¡¨', 'notice_list', 10, 1, 1),
(12, 'å…¬å‘Šæ·»åŠ ', 'notice_add', 10, 1, 1),
(13, 'åé¦ˆç®¡ç†', 'feedback', 0, 1, 1),
(14, 'åé¦ˆåˆ—è¡¨', 'feedback_list', 13, 1, 1),
(15, 'åé¦ˆæ·»åŠ ', 'feedback_add', 13, 1, 1),
(16, 'èŠå¤©è®°å½•ç®¡ç†', 'chat', 0, 1, 0),
(17, 'èŠå¤©è®°å½•åˆ—è¡¨', 'chat_list', 16, 1, 0),
(18, 'é’±åŒ…ç®¡ç†', 'money', 0, 1, 0),
(19, 'é’±åŒ…ä¿¡æ¯', 'money_edit', 18, 1, 0),
(20, 'æ¶ˆè´¹è®°å½•ç®¡ç†', 'expense', 0, 1, 1),
(21, 'æ¶ˆè´¹è®°å½•åˆ—è¡¨', 'expense_list', 20, 1, 1),
(22, 'æ‰€æŠ¥è¯¾ç¨‹ç®¡ç†', 'stucurr', 0, 1, 0),
(23, 'æ‰€æŠ¥è¯¾ç¨‹ä¿¡æ¯', 'stucurr_edit', 22, 1, 0),
(24, 'è®¢å•ç®¡ç†', 'orderform', 0, 1, 1),
(25, 'è®¢å•åˆ—è¡¨', 'orderform_list', 24, 1, 1),
(26, 'è¯¾ç¨‹ç®¡ç†', 'curriculum', 0, 1, 1),
(27, 'è¯¾ç¨‹åˆ—è¡¨', 'curriculum_list', 26, 1, 1),
(28, 'è¯¾ç¨‹æ·»åŠ ', 'curriculum_add', 26, 1, 1),
(29, 'è´¦å·ç®¡ç†', 'account', 0, 1, 0),
(30, 'è´¦å·ä¿¡æ¯', 'account_list', 29, 1, 0),
(31, 'è´¦å·æ·»åŠ ', 'account_add', 29, 1, 0),
(32, 'æƒé™è§’è‰²ç®¡ç†', 'role', 0, 1, 1),
(33, 'è§’è‰²åˆ—è¡¨', 'role_list', 32, 1, 1),
(34, 'è§’è‰²æ·»åŠ ', 'role_add', 32, 1, 1),
(36, 'ç­çº§ç¼–è¾‘', 'class_edit', 1, 0, 1),
(37, 'ç­çº§åˆ é™¤', 'class_delete', 1, 0, 1),
(38, 'ç”¨æˆ·ç¼–è¾‘', 'user_edit', 4, 0, 1),
(39, 'ç”¨æˆ·åˆ é™¤', 'user_delete', 4, 0, 1),
(40, 'ä½œä¸šç¼–è¾‘', 'homework_edit', 7, 0, 1),
(41, 'ä½œä¸šåˆ é™¤', 'homework_delete', 7, 0, 1),
(42, 'å…¬å‘Šç¼–è¾‘', 'notice_edit', 10, 0, 1),
(43, 'å…¬å‘Šåˆ é™¤', 'notice_delete', 10, 0, 1),
(44, 'åé¦ˆç¼–è¾‘', 'feedback_edit', 13, 0, 1),
(45, 'åé¦ˆåˆ é™¤', 'feedback_delete', 13, 0, 1),
(46, 'æ‰€æŠ¥è¯¾ç¨‹ç¼–è¾‘', 'stucurr_edit', 22, 0, 0),
(47, 'æ‰€æŠ¥è¯¾ç¨‹åˆ é™¤', 'stucurr_delete', 22, 0, 0),
(48, 'è®¢å•ç¼–è¾‘', 'orderform_edit', 24, 0, 0),
(49, 'è®¢å•åˆ é™¤', 'orderform_delete', 24, 0, 0),
(50, 'è¯¾ç¨‹ç¼–è¾‘', 'curriculum_edit', 26, 0, 1),
(51, 'è¯¾ç¨‹åˆ é™¤', 'curriculum_delete', 26, 0, 1),
(52, 'è´¦å·ç¼–è¾‘', 'account_edit', 29, 0, 1),
(53, 'è´¦å·åˆ é™¤', 'account_delete', 29, 0, 1),
(54, 'è§’è‰²ç¼–è¾‘', 'role_edit', 32, 0, 1),
(55, 'è§’è‰²åˆ é™¤', 'role_delete', 32, 0, 1);

-- --------------------------------------------------------

--
-- è¡¨çš„ç»“æ„ `student_accessofrole`
--

CREATE TABLE IF NOT EXISTS `student_accessofrole` (
  `accessofrole_id` int(11) NOT NULL AUTO_INCREMENT,
  `role_id` int(11) NOT NULL COMMENT 'è§’è‰²',
  `access_id` int(11) NOT NULL COMMENT 'æƒé™',
  `is_show` int(11) NOT NULL DEFAULT '1',
  PRIMARY KEY (`accessofrole_id`),
  KEY `role_id` (`role_id`),
  KEY `access_id` (`access_id`),
  KEY `access_id_2` (`access_id`),
  KEY `access_id_3` (`access_id`),
  KEY `access_id_4` (`access_id`)
) ENGINE=InnoDB  DEFAULT CHARSET=utf8 COMMENT='æƒé™è§’è‰²å…³ç³»è¡¨' AUTO_INCREMENT=99 ;

--
-- è½¬å­˜è¡¨ä¸­çš„æ•°æ® `student_accessofrole`
--

INSERT INTO `student_accessofrole` (`accessofrole_id`, `role_id`, `access_id`, `is_show`) VALUES
(3, 3, 54, 1),
(15, 3, 2, 1),
(16, 3, 36, 1),
(17, 3, 8, 1),
(18, 3, 37, 1),
(19, 3, 39, 1),
(20, 3, 6, 1),
(21, 3, 3, 1),
(22, 3, 5, 1),
(23, 3, 9, 1),
(24, 3, 38, 1),
(25, 3, 41, 1),
(26, 3, 40, 1),
(27, 3, 42, 1),
(28, 3, 12, 1),
(29, 3, 11, 1),
(30, 3, 43, 1),
(31, 3, 15, 1),
(32, 3, 45, 1),
(33, 3, 44, 1),
(34, 3, 14, 1),
(35, 3, 19, 1),
(36, 3, 17, 1),
(37, 3, 21, 1),
(38, 3, 23, 1),
(39, 3, 47, 1),
(40, 3, 46, 1),
(41, 3, 48, 1),
(42, 3, 27, 1),
(43, 3, 49, 1),
(44, 3, 25, 1),
(45, 3, 28, 1),
(46, 3, 50, 1),
(47, 3, 30, 1),
(48, 3, 51, 1),
(49, 3, 52, 1),
(50, 3, 54, 1),
(51, 3, 34, 1),
(52, 3, 31, 1),
(53, 3, 33, 1),
(54, 3, 53, 1),
(55, 3, 55, 1),
(71, 2, 5, 1),
(72, 2, 2, 1),
(73, 2, 9, 1),
(74, 2, 11, 1),
(75, 2, 8, 1),
(76, 2, 12, 1),
(77, 2, 43, 1),
(78, 2, 40, 1),
(79, 2, 42, 1),
(80, 2, 41, 1),
(81, 2, 14, 1),
(82, 2, 30, 1),
(83, 2, 27, 1),
(84, 2, 52, 1),
(85, 2, 53, 1),
(86, 1, 14, 1),
(87, 1, 11, 1),
(88, 1, 23, 1),
(89, 1, 15, 1),
(90, 1, 46, 1),
(91, 1, 47, 1),
(92, 1, 25, 1),
(93, 1, 49, 1),
(94, 1, 21, 1),
(95, 1, 19, 1),
(96, 1, 27, 1),
(97, 1, 30, 1),
(98, 1, 52, 1);

-- --------------------------------------------------------

--
-- è¡¨çš„ç»“æ„ `student_account`
--

CREATE TABLE IF NOT EXISTS `student_account` (
  `account_id` int(11) NOT NULL AUTO_INCREMENT COMMENT 'ä¸»é”®',
  `account_account` varchar(45) DEFAULT NULL COMMENT '''è´¦å·å''',
  `account_pwd` varchar(45) DEFAULT NULL COMMENT '''å¯†ç ''',
  `role_id` int(11) DEFAULT NULL COMMENT 'è´¦å·æ‹¥æœ‰çš„æƒé™   å¤–é”®',
  `user_id` int(11) DEFAULT NULL COMMENT 'è°çš„è´¦å·   å¤–é”®',
  `is_show` int(11) NOT NULL DEFAULT '1',
  PRIMARY KEY (`account_id`),
  KEY `fk_student_account_student_user1_idx` (`user_id`),
  KEY `fk_student_account_student_role1_idx` (`role_id`)
) ENGINE=InnoDB  DEFAULT CHARSET=utf8 AUTO_INCREMENT=4 ;

--
-- è½¬å­˜è¡¨ä¸­çš„æ•°æ® `student_account`
--

INSERT INTO `student_account` (`account_id`, `account_account`, `account_pwd`, `role_id`, `user_id`, `is_show`) VALUES
(1, 'admin', '63a9f0ea7bb98050796b649e85481845', 3, 3, 1),
(2, 'student', '63a9f0ea7bb98050796b649e85481845', 1, 1, 1),
(3, 'teacher', '63a9f0ea7bb98050796b649e85481845', 2, 2, 1);

-- --------------------------------------------------------

--
-- è¡¨çš„ç»“æ„ `student_chat`
--

CREATE TABLE IF NOT EXISTS `student_chat` (
  `chat_id` int(11) NOT NULL AUTO_INCREMENT COMMENT 'ä¸»é”®',
  `user_id` int(11) DEFAULT NULL COMMENT 'èŠå¤©äºº   å¤–é”®  å…³è”ç”¨æˆ·è¡¨',
  `other_id` int(11) DEFAULT NULL COMMENT 'å’Œè°èŠå¤©  å¤–é”®  å…³è”ç”¨æˆ·è¡¨',
  `chat_content` text COMMENT 'èŠå¤©å†…å®¹',
  `chat_time` int(11) DEFAULT NULL COMMENT 'èŠå¤©æ—¶é—´',
  `is_show` int(11) NOT NULL DEFAULT '1',
  PRIMARY KEY (`chat_id`),
  KEY `fk_student_chat_student_user1_idx` (`user_id`),
  KEY `fk_student_chat_student_user2_idx` (`other_id`)
) ENGINE=InnoDB  DEFAULT CHARSET=utf8 AUTO_INCREMENT=8 ;

--
-- è½¬å­˜è¡¨ä¸­çš„æ•°æ® `student_chat`
--

INSERT INTO `student_chat` (`chat_id`, `user_id`, `other_id`, `chat_content`, `chat_time`, `is_show`) VALUES
(1, 1, 2, 'å“ˆå“ˆå“ˆå“ˆå•Šå•Š', 123123123, 1),
(2, 5, 2, 'å“ˆå“ˆå“ˆå“ˆå•Šå•Š', 123123123, 1),
(3, 1, 2, 'å“ˆå“ˆå“ˆå“ˆå•Šå•Š', 123123123, 1),
(4, 1, 2, 'å“ˆå“ˆå“ˆå“ˆå•Šå•Š', 123123123, 1),
(5, 1, 2, 'å“ˆå“ˆå“ˆå“ˆå•Šå•Š', 123123123, 1),
(6, 1, 2, 'å“ˆå“ˆå“ˆå“ˆå•Šå•Š', 123123123, 1),
(7, 1, 2, 'å“ˆå“ˆå“ˆå“ˆå•Šå•Š', 123123123, 1);

-- --------------------------------------------------------

--
-- è¡¨çš„ç»“æ„ `student_class`
--

CREATE TABLE IF NOT EXISTS `student_class` (
  `class_id` int(11) NOT NULL AUTO_INCREMENT COMMENT 'ä¸»é”®',
  `class_name` varchar(45) DEFAULT NULL COMMENT 'ç­çº§åå­—',
  `user_id` int(11) DEFAULT NULL,
  `class_time` int(11) NOT NULL,
  `is_show` varchar(255) NOT NULL DEFAULT '1',
  PRIMARY KEY (`class_id`),
  KEY `fk_student_class_student_user1_idx` (`user_id`)
) ENGINE=InnoDB  DEFAULT CHARSET=utf8 AUTO_INCREMENT=6 ;

--
-- è½¬å­˜è¡¨ä¸­çš„æ•°æ® `student_class`
--

INSERT INTO `student_class` (`class_id`, `class_name`, `user_id`, `class_time`, `is_show`) VALUES
(1, 'H1801', 2, 1531872000, '1'),
(2, 'abc', 3, 1531872000, '1'),
(4, 'chris', 4, 1531872000, '1'),
(5, '12321312', 4, 1531526400, '1');

-- --------------------------------------------------------

--
-- è¡¨çš„ç»“æ„ `student_curriculum`
--

CREATE TABLE IF NOT EXISTS `student_curriculum` (
  `curriculum_id` int(11) NOT NULL AUTO_INCREMENT COMMENT 'ä¸»é”®',
  `curriculum_name` varchar(45) DEFAULT NULL COMMENT 'è¯¾ç¨‹åç§°',
  `curriculum_price` int(11) DEFAULT NULL COMMENT 'è¯¾ç¨‹ä»·æ ¼',
  `is_show` int(11) NOT NULL DEFAULT '1',
  PRIMARY KEY (`curriculum_id`)
) ENGINE=InnoDB  DEFAULT CHARSET=utf8 AUTO_INCREMENT=9 ;

--
-- è½¬å­˜è¡¨ä¸­çš„æ•°æ® `student_curriculum`
--

INSERT INTO `student_curriculum` (`curriculum_id`, `curriculum_name`, `curriculum_price`, `is_show`) VALUES
(1, 'html', 100, 1),
(2, 'css', 150, 1),
(3, 'js', 500, 1),
(4, 'jq', 150, 1),
(5, 'vuejs', 1500, 1),
(6, 'nodejs123', 1500123, 1),
(7, '12321312', 0, 0),
(8, 'emmmmmmmmm', 2147483647, 1);

-- --------------------------------------------------------

--
-- è¡¨çš„ç»“æ„ `student_expense`
--

CREATE TABLE IF NOT EXISTS `student_expense` (
  `expense_id` int(11) NOT NULL AUTO_INCREMENT COMMENT 'ä¸»é”®',
  `expense_sum` int(11) DEFAULT NULL COMMENT 'æ¶ˆè´¹é‡‘é¢',
  `expense_time` int(11) DEFAULT NULL COMMENT 'æ¶ˆè´¹æ—¶é—´',
  `expense_describe` varchar(100) DEFAULT NULL COMMENT 'æ¶ˆè´¹å¤‡æ³¨ä¿¡æ¯',
  `user_id` int(11) DEFAULT NULL,
  `is_show` int(11) NOT NULL DEFAULT '1',
  PRIMARY KEY (`expense_id`),
  KEY `fk_student_expense_student_user1_idx` (`user_id`)
) ENGINE=InnoDB  DEFAULT CHARSET=utf8 AUTO_INCREMENT=13 ;

--
-- è½¬å­˜è¡¨ä¸­çš„æ•°æ® `student_expense`
--

INSERT INTO `student_expense` (`expense_id`, `expense_sum`, `expense_time`, `expense_describe`, `user_id`, `is_show`) VALUES
(1, 100, 123123, 'æŠ¥äº†htmlçš„è¯¾ç¨‹', 1, 0),
(2, 100, 123123, 'æŠ¥äº†htmlçš„è¯¾ç¨‹', 1, 0),
(3, 100, 123123, 'æŠ¥äº†htmlçš„è¯¾ç¨‹', 1, 0),
(4, 100, 123123, 'æŠ¥äº†htmlçš„è¯¾ç¨‹', 1, 1),
(5, 100, 123123, 'æŠ¥äº†htmlçš„è¯¾ç¨‹', 1, 1),
(6, 100, 123123, 'æŠ¥äº†htmlçš„è¯¾ç¨‹', 1, 1),
(7, 100, 123123, 'æŠ¥äº†htmlçš„è¯¾ç¨‹', 1, 1),
(8, 100, 123123, 'æŠ¥äº†htmlçš„è¯¾ç¨‹', 1, 1),
(9, 100, 123123, 'æŠ¥äº†htmlçš„è¯¾ç¨‹', 1, 1),
(10, 100, 123123, 'æŠ¥äº†htmlçš„è¯¾ç¨‹', 1, 1),
(11, 100, 123123, 'æŠ¥äº†htmlçš„è¯¾ç¨‹', 1, 0),
(12, 100, 123123, 'æŠ¥äº†htmlçš„è¯¾ç¨‹', 1, 0);

-- --------------------------------------------------------

--
-- è¡¨çš„ç»“æ„ `student_feedback`
--

CREATE TABLE IF NOT EXISTS `student_feedback` (
  `feedback_id` int(11) NOT NULL AUTO_INCREMENT COMMENT 'ä¸»é”®',
  `feedback_name` varchar(45) DEFAULT NULL COMMENT 'åé¦ˆæ ‡é¢˜',
  `feedback_content` text COMMENT 'åé¦ˆå†…å®¹',
  `feedback_time` int(11) DEFAULT NULL COMMENT 'åé¦ˆæ—¶é—´',
  `user_id` int(11) DEFAULT NULL COMMENT 'åé¦ˆäºº   å¤–é”®ç”¨æˆ·è¡¨',
  `class_id` int(11) DEFAULT NULL COMMENT 'å¯¹å“ªä¸ªç­çº§çš„åé¦ˆ   å¤–é”®',
  `teachar_id` int(11) DEFAULT NULL COMMENT 'å¯¹å“ªä¸ªç­çº§çš„åé¦ˆ   å¤–é”®',
  `is_show` int(11) NOT NULL DEFAULT '1',
  PRIMARY KEY (`feedback_id`),
  KEY `fk_student_feedback_student_class1_idx` (`class_id`),
  KEY `fk_student_feedback_student_user1_idx` (`teachar_id`),
  KEY `fk_student_feedback_student_user2_idx` (`user_id`)
) ENGINE=InnoDB  DEFAULT CHARSET=utf8 AUTO_INCREMENT=18 ;

--
-- è½¬å­˜è¡¨ä¸­çš„æ•°æ® `student_feedback`
--

INSERT INTO `student_feedback` (`feedback_id`, `feedback_name`, `feedback_content`, `feedback_time`, `user_id`, `class_id`, `teachar_id`, `is_show`) VALUES
(1, 'è€å¸ˆå¤ªèƒ–äº† , å“ˆå“ˆå“ˆå•Šå•Šå•Šå“ˆå“ˆå•Šå“ˆå“ˆ', 'emmmmmmmmmm', 1532563200, 1, 2, 3, 1),
(2, 'è€å¸ˆå¤ªèƒ–äº†123321', 'emmmmmmmmmm', 1532563200, 1, 4, 3, 1),
(3, 'è€å¸ˆå¤ªèƒ–äº†123321', 'emmmmmmmmmm', 1532563200, 1, 4, 3, 0),
(4, 'è€å¸ˆå¤ªèƒ–äº†123321', 'emmmmmmmmmm', 1532563200, 1, 4, 3, 1),
(5, 'è€å¸ˆå¤ªèƒ–äº†123321', 'emmmmmmmmmm', 1532563200, 1, 4, 3, 1),
(6, 'è€å¸ˆå¤ªèƒ–äº†123321', 'emmmmmmmmmm', 1532563200, 1, 4, 3, 1),
(7, 'è€å¸ˆå¤ªèƒ–äº†123321', 'emmmmmmmmmm', 1532563200, 1, 4, 3, 1),
(8, 'è€å¸ˆå¤ªèƒ–äº†123321', 'emmmmmmmmmm', 1532563200, 1, 4, 3, 1),
(9, 'è€å¸ˆå¤ªèƒ–äº†123321', 'emmmmmmmmmm', 1532563200, 1, 4, 3, 1),
(10, 'è€å¸ˆå¤ªèƒ–äº†123321', 'emmmmmmmmmm', 1532563200, 1, 4, 3, 0),
(11, 'è€å¸ˆå¤ªèƒ–äº†123321', 'emmmmmmmmmm', 1532563200, 1, 4, 3, 1),
(12, 'è€å¸ˆå¤ªèƒ–äº†123321', 'emmmmmmmmmm', 1532563200, 1, 4, 3, 1),
(16, '3123', '                                						12312	\r\n							', 1531526400, 1, 2, 4, 1),
(17, 'emmmmmmmmmmmmmmmmmmmmmmm', '		emmmmmmmmmmmmmmmmmmmmmmmmm					', 1531440000, 1, 4, 4, 1);

-- --------------------------------------------------------

--
-- è¡¨çš„ç»“æ„ `student_firend`
--

CREATE TABLE IF NOT EXISTS `student_firend` (
  `firend_id` int(11) NOT NULL AUTO_INCREMENT,
  `user_id` int(11) NOT NULL COMMENT 'è‡ªå·±   å¤–é”®  å…³è”ç”¨æˆ·è¡¨',
  `firenduser_id` int(11) DEFAULT NULL COMMENT 'æœ‹å‹   å¤–é”®  å…³è”ç”¨æˆ·è¡¨',
  `is_show` int(11) NOT NULL DEFAULT '1',
  PRIMARY KEY (`firend_id`),
  KEY `fk_student_firend_student_user2_idx` (`firenduser_id`),
  KEY `user_id` (`user_id`)
) ENGINE=InnoDB  DEFAULT CHARSET=utf8 AUTO_INCREMENT=2 ;

--
-- è½¬å­˜è¡¨ä¸­çš„æ•°æ® `student_firend`
--

INSERT INTO `student_firend` (`firend_id`, `user_id`, `firenduser_id`, `is_show`) VALUES
(1, 1, 3, 1);

-- --------------------------------------------------------

--
-- è¡¨çš„ç»“æ„ `student_homework`
--

CREATE TABLE IF NOT EXISTS `student_homework` (
  `homework_id` int(11) NOT NULL AUTO_INCREMENT COMMENT 'ä¸»é”®',
  `homework_name` varchar(150) DEFAULT NULL COMMENT 'ä½œä¸šæ ‡é¢˜',
  `homework_content` text COMMENT 'ä½œä¸šè¦æ±‚å†…å®¹',
  `homework_time` int(11) DEFAULT NULL COMMENT 'å¸ƒç½®ä½œä¸šæ—¶é—´',
  `user_id` int(11) DEFAULT NULL COMMENT 'å¸ƒç½®ä½œä¸šçš„è€å¸ˆ  å¤–é”®',
  `class_id` int(11) DEFAULT NULL COMMENT 'å“ªä¸ªç­çš„ä½œä¸š  å¤–é”®',
  `is_show` int(11) NOT NULL DEFAULT '1',
  PRIMARY KEY (`homework_id`),
  KEY `fk_student_homework_student_class1_idx` (`class_id`),
  KEY `fk_student_homework_student_user1_idx` (`user_id`)
) ENGINE=InnoDB  DEFAULT CHARSET=utf8 AUTO_INCREMENT=17 ;

--
-- è½¬å­˜è¡¨ä¸­çš„æ•°æ® `student_homework`
--

INSERT INTO `student_homework` (`homework_id`, `homework_name`, `homework_content`, `homework_time`, `user_id`, `class_id`, `is_show`) VALUES
(1, 'å†™ä¸€ç¯‡500å­—ä½œæ–‡', 'ä¸»é¢˜æ˜¯å¤§å®¶éƒ½æœ‰ä»€ä¹ˆæ¢¦æƒ³', 1532521997, 4, 2, 0),
(2, 'å†™ä¸€ç¯‡500å­—ä½œæ–‡', 'ä¸»é¢˜æ˜¯å¤§å®¶éƒ½æœ‰ä»€ä¹ˆæ¢¦æƒ³', 1532476800, 3, 4, 1),
(3, 'å†™ä¸€ç¯‡500å­—ä½œæ–‡', 'ä¸»é¢˜æ˜¯å¤§å®¶éƒ½æœ‰ä»€ä¹ˆæ¢¦æƒ³', 1532521997, 3, 4, 1),
(4, 'å†™ä¸€ç¯‡500å­—ä½œæ–‡', 'ä¸»é¢˜æ˜¯å¤§å®¶éƒ½æœ‰ä»€ä¹ˆæ¢¦æƒ³', 1532521997, 3, 2, 1),
(5, 'å†™ä¸€ç¯‡500å­—ä½œæ–‡', 'ä¸»é¢˜æ˜¯å¤§å®¶éƒ½æœ‰ä»€ä¹ˆæ¢¦æƒ³', 1532521997, 3, 2, 1),
(6, 'å†™ä¸€ç¯‡500å­—ä½œæ–‡', 'ä¸»é¢˜æ˜¯å¤§å®¶éƒ½æœ‰ä»€ä¹ˆæ¢¦æƒ³', 1532476800, 7, 1, 1),
(7, 'å†™ä¸€ç¯‡500å­—ä½œæ–‡', 'ä¸»é¢˜æ˜¯å¤§å®¶éƒ½æœ‰ä»€ä¹ˆæ¢¦æƒ³', 1532521997, 2, 1, 1),
(8, 'å†™ä¸€ç¯‡500å­—ä½œæ–‡', 'ä¸»é¢˜æ˜¯å¤§å®¶éƒ½æœ‰ä»€ä¹ˆæ¢¦æƒ³', 1532521997, 4, 4, 1),
(9, 'å†™ä¸€ç¯‡500å­—ä½œæ–‡', 'ä¸»é¢˜æ˜¯å¤§å®¶éƒ½æœ‰ä»€ä¹ˆæ¢¦æƒ³', 1532521997, 4, 1, 1),
(10, 'å†™ä¸€ç¯‡500å­—ä½œæ–‡', 'ä¸»é¢˜æ˜¯å¤§å®¶éƒ½æœ‰ä»€ä¹ˆæ¢¦æƒ³', 1532521997, 1, 1, 1),
(11, 'å†™ä¸€ç¯‡500å­—ä½œæ–‡', 'ä¸»é¢˜æ˜¯å¤§å®¶éƒ½æœ‰ä»€ä¹ˆæ¢¦æƒ³', 1532521997, 2, 4, 1),
(13, 'ç«æŠ€', '10åˆ†é’Ÿè¡¥æ»¡107åˆ€, ä¸€åˆ€éƒ½ä¸èƒ½æ¼', 1532476800, 10, 1, 1),
(14, '', '', 0, 1, 1, 1),
(15, '', '', 1532044800, 1, 1, 1),
(16, '21321', '12321321', 1531872000, 1, 1, 1);

-- --------------------------------------------------------

--
-- è¡¨çš„ç»“æ„ `student_money`
--

CREATE TABLE IF NOT EXISTS `student_money` (
  `money_id` int(11) NOT NULL AUTO_INCREMENT COMMENT 'å¤–é”®',
  `money_sum` int(11) DEFAULT NULL COMMENT '''ç”¨æˆ·é‡‘é¢''',
  `user_id` int(11) DEFAULT NULL,
  `is_show` int(11) NOT NULL DEFAULT '1',
  PRIMARY KEY (`money_id`),
  KEY `fk_student_money_student_user1_idx` (`user_id`)
) ENGINE=InnoDB DEFAULT CHARSET=utf8 AUTO_INCREMENT=1 ;

-- --------------------------------------------------------

--
-- è¡¨çš„ç»“æ„ `student_notice`
--

CREATE TABLE IF NOT EXISTS `student_notice` (
  `notice_id` int(11) NOT NULL AUTO_INCREMENT COMMENT 'ä¸»é”®',
  `notice_title` varchar(100) DEFAULT NULL COMMENT 'å…¬å‘Šæ ‡é¢˜',
  `notice_content` text COMMENT 'å…¬å‘Šå†…å®¹',
  `notice_time` int(11) DEFAULT NULL COMMENT 'å‘å¸ƒå…¬å‘Šæ—¶é—´',
  `class_id` int(11) DEFAULT NULL COMMENT 'å“ªä¸ªç­çš„å…¬å‘Š',
  `user_id` int(11) DEFAULT NULL COMMENT 'å‘è¿™ä¸ªå…¬å‘Šçš„è€å¸ˆ',
  `is_show` int(11) NOT NULL DEFAULT '1',
  PRIMARY KEY (`notice_id`),
  KEY `fk_student_notice_student_user1_idx` (`user_id`),
  KEY `fk_student_notice_student_class1_idx` (`class_id`)
) ENGINE=InnoDB  DEFAULT CHARSET=utf8 AUTO_INCREMENT=18 ;

--
-- è½¬å­˜è¡¨ä¸­çš„æ•°æ® `student_notice`
--

INSERT INTO `student_notice` (`notice_id`, `notice_title`, `notice_content`, `notice_time`, `class_id`, `user_id`, `is_show`) VALUES
(1, 'è€å¸ˆå¤ªèƒ–äº†', 'æŒ¡ä½é»‘æ¿çœ‹ä¸åˆ°å•Š', 1532570473, 1, 1, 1),
(2, 'è€å¸ˆå¤ªèƒ–äº†emmmmmmmmmmmmmm', '																æŒ¡ä½é»‘æ¿çœ‹ä¸åˆ°å•Š\r\n							\r\n							', 1532563200, 1, 1, 1),
(3, 'è€å¸ˆå¤ªèƒ–äº†', 'æŒ¡ä½é»‘æ¿çœ‹ä¸åˆ°å•Š', 1532570473, 1, 1, 1),
(4, 'è€å¸ˆå¤ªèƒ–äº†', 'æŒ¡ä½é»‘æ¿çœ‹ä¸åˆ°å•Š', 1532570473, 1, 1, 1),
(5, 'è€å¸ˆå¤ªèƒ–äº†', 'æŒ¡ä½é»‘æ¿çœ‹ä¸åˆ°å•Š', 1532570473, 1, 1, 1),
(6, 'è€å¸ˆå¤ªèƒ–äº†', 'æŒ¡ä½é»‘æ¿çœ‹ä¸åˆ°å•Š', 1532570473, 1, 1, 1),
(7, 'è€å¸ˆå¤ªèƒ–äº†', 'æŒ¡ä½é»‘æ¿çœ‹ä¸åˆ°å•Š', 1532570473, 1, 1, 1),
(8, 'è€å¸ˆå¤ªèƒ–äº†', 'æŒ¡ä½é»‘æ¿çœ‹ä¸åˆ°å•Š', 1532570473, 1, 1, 1),
(9, 'è€å¸ˆå¤ªèƒ–äº†', 'æŒ¡ä½é»‘æ¿çœ‹ä¸åˆ°å•Š', 1532570473, 1, 1, 1),
(10, 'è€å¸ˆå¤ªèƒ–äº†', 'æŒ¡ä½é»‘æ¿çœ‹ä¸åˆ°å•Š', 1532570473, 1, 1, 1),
(11, 'è€å¸ˆå¤ªèƒ–äº†', 'æŒ¡ä½é»‘æ¿çœ‹ä¸åˆ°å•Š', 1532570473, 1, 1, 1),
(12, 'è€å¸ˆå¤ªèƒ–äº†', 'æŒ¡ä½é»‘æ¿çœ‹ä¸åˆ°å•Š', 1532570473, 1, 1, 1),
(13, 'è€å¸ˆå¤ªèƒ–äº†', 'æŒ¡ä½é»‘æ¿çœ‹ä¸åˆ°å•Š', 1532570473, 1, 1, 1),
(14, 'è€å¸ˆå¤ªèƒ–äº†', 'æŒ¡ä½é»‘æ¿çœ‹ä¸åˆ°å•Š', 1532570473, 1, 1, 1),
(15, 'æµ‹è¯•æ•°æ®', '233333333', 1532570473, 4, 4, 1),
(16, 'è€Œä¹ˆä¹ˆä¹ˆä¹ˆä¹ˆä¹ˆä¹ˆä¹ˆä¹ˆä¹ˆ2131232131', '																		è€Œå’©å’©å’©å’©å’©å’©å’©å’©å’©å’©å’©		e			\r\n							\r\n							', 1531440000, 1, 4, 1),
(17, '21321', '		213123					', 1532102400, 1, 4, 1);

-- --------------------------------------------------------

--
-- è¡¨çš„ç»“æ„ `student_orderform`
--

CREATE TABLE IF NOT EXISTS `student_orderform` (
  `orderform_id` int(11) NOT NULL AUTO_INCREMENT COMMENT 'ä¸»é”®',
  `curriculum_id` int(11) DEFAULT NULL COMMENT 'è¯¾ç¨‹åç§°ä»¥åŠä»·æ ¼',
  `orderform_time` int(11) DEFAULT NULL COMMENT 'ä¸‹å•æ—¶é—´',
  `user_id` int(11) DEFAULT NULL,
  `is_show` int(11) NOT NULL DEFAULT '1',
  PRIMARY KEY (`orderform_id`),
  KEY `fk_student_orderform_student_user1_idx` (`user_id`),
  KEY `curriculum_id` (`curriculum_id`)
) ENGINE=InnoDB  DEFAULT CHARSET=utf8 AUTO_INCREMENT=4 ;

--
-- è½¬å­˜è¡¨ä¸­çš„æ•°æ® `student_orderform`
--

INSERT INTO `student_orderform` (`orderform_id`, `curriculum_id`, `orderform_time`, `user_id`, `is_show`) VALUES
(1, 2, 123123, 1, 1),
(2, 4, NULL, 1, 1),
(3, 3, NULL, 3, 1);

-- --------------------------------------------------------

--
-- è¡¨çš„ç»“æ„ `student_role`
--

CREATE TABLE IF NOT EXISTS `student_role` (
  `role_id` int(11) NOT NULL AUTO_INCREMENT COMMENT 'ä¸»é”®',
  `role_name` varchar(45) DEFAULT NULL COMMENT '''è§’è‰²å''',
  `is_show` int(11) NOT NULL DEFAULT '1',
  PRIMARY KEY (`role_id`)
) ENGINE=InnoDB  DEFAULT CHARSET=utf8 AUTO_INCREMENT=4 ;

--
-- è½¬å­˜è¡¨ä¸­çš„æ•°æ® `student_role`
--

INSERT INTO `student_role` (`role_id`, `role_name`, `is_show`) VALUES
(1, 'å­¦ç”Ÿ', 1),
(2, 'è€å¸ˆ', 1),
(3, 'ç®¡ç†å‘˜', 1);

-- --------------------------------------------------------

--
-- è¡¨çš„ç»“æ„ `student_stucurr`
--

CREATE TABLE IF NOT EXISTS `student_stucurr` (
  `user_id` int(11) NOT NULL COMMENT 'æŠ¥åè¯¾ç¨‹å­¦ç”Ÿ',
  `curriculum_id` int(11) DEFAULT NULL COMMENT 'æ‰€æŠ¥è¯¾ç¨‹',
  `stucurr_time` int(11) DEFAULT NULL COMMENT 'æŠ¥è¯¾ç¨‹æ—¶é—´',
  `stucurr_id` int(11) NOT NULL AUTO_INCREMENT,
  `is_show` int(11) NOT NULL DEFAULT '1',
  PRIMARY KEY (`stucurr_id`),
  KEY `fk_student_stucurr_student_curriculum1_idx` (`curriculum_id`),
  KEY `user_id` (`user_id`)
) ENGINE=InnoDB  DEFAULT CHARSET=utf8 AUTO_INCREMENT=2 ;

--
-- è½¬å­˜è¡¨ä¸­çš„æ•°æ® `student_stucurr`
--

INSERT INTO `student_stucurr` (`user_id`, `curriculum_id`, `stucurr_time`, `stucurr_id`, `is_show`) VALUES
(1, 2, 123123123, 1, 1);

-- --------------------------------------------------------

--
-- è¡¨çš„ç»“æ„ `student_system`
--

CREATE TABLE IF NOT EXISTS `student_system` (
  `system_id` int(11) NOT NULL AUTO_INCREMENT COMMENT 'ä¸»é”®',
  `system_title` varchar(45) DEFAULT NULL COMMENT 'ç½‘é¡µæ ‡é¢˜',
  `system_log` varchar(255) DEFAULT NULL COMMENT 'ç½‘é¡µæ ‡é¢˜log',
  `system_key` varchar(255) DEFAULT NULL COMMENT 'ç½‘ç«™å…³é”®å­—',
  `system_content` text COMMENT 'ç½‘ç«™ä¸»è¦å†…å®¹',
  `system_copy` varchar(255) DEFAULT NULL COMMENT 'ç‰ˆæƒä¿¡æ¯',
  `system_phone` varchar(100) DEFAULT NULL COMMENT 'ç½‘ç«™è”ç³»ç”µè¯',
  `is_show` int(11) NOT NULL DEFAULT '1',
  PRIMARY KEY (`system_id`)
) ENGINE=InnoDB DEFAULT CHARSET=utf8 AUTO_INCREMENT=1 ;

-- --------------------------------------------------------

--
-- è¡¨çš„ç»“æ„ `student_user`
--

CREATE TABLE IF NOT EXISTS `student_user` (
  `user_id` int(11) NOT NULL AUTO_INCREMENT COMMENT 'ä¸»é”®',
  `user_name` varchar(45) DEFAULT NULL COMMENT '''å§“å''',
  `user_age` varchar(255) NOT NULL,
  `user_sex` int(11) DEFAULT NULL COMMENT '''æ€§åˆ«''',
  `user_introduction` text COMMENT '''è‡ªæˆ‘ä»‹ç»''',
  `user_img` varchar(255) DEFAULT NULL COMMENT '''å¤´åƒ''',
  `user_time` int(11) DEFAULT NULL COMMENT 'å…¥èŒæ—¶é—´/å…¥å­¦æ—¶é—´',
  `user_phone` varchar(50) DEFAULT NULL COMMENT '''ç”µè¯''',
  `usertype_id` int(11) NOT NULL DEFAULT '1' COMMENT 'ç”¨æˆ·ç±»å‹  å¤–é”®',
  `is_show` int(11) NOT NULL DEFAULT '1' COMMENT 'è½¯åˆ é™¤ 1æ˜¾ç¤º   0 åˆ é™¤',
  PRIMARY KEY (`user_id`),
  KEY `fk_student_user_student_usertype_idx` (`usertype_id`)
) ENGINE=InnoDB  DEFAULT CHARSET=utf8 AUTO_INCREMENT=23 ;

--
-- è½¬å­˜è¡¨ä¸­çš„æ•°æ® `student_user`
--

INSERT INTO `student_user` (`user_id`, `user_name`, `user_age`, `user_sex`, `user_introduction`, `user_img`, `user_time`, `user_phone`, `usertype_id`, `is_show`) VALUES
(1, 'Pig', '18', 1, 'æ˜¯ä¸€ä¸ªæ™®é€šçš„é«˜ä¸­ç”Ÿ', 'ajl-zTx_9uoOPQl_WuMuqswo.jpg', 1532390400, 'emmmmmmmmmmmmm', 1, 1),
(2, 'æ–¹è‰³çº¢', '18', 0, 'ä¸€ä¸ªæ™®é€šçš„é«˜ä¸­è€å¸ˆ', 'jojwAYtWrSTu9J7OoI2COb_6.jpeg', 1532390400, '13333315555', 2, 1),
(3, 'é›·ä¸‡é’§', '18', 1, 'æœ‰ç‚¹ç”µè„‘çŸ¥è¯†çš„ITäººå£«', 'cL8h3NiISR1pmxePkB8YvFes.jpg', 1532390400, '13333315558', 2, 1),
(4, 'Jane Doe', '18', 0, 'ä¸€ä¸ªå‰å®³çš„é«˜ä¸­è€å¸ˆ', 'Ken84p9IyVTBEK4-D3nlh9EG.jpg', 1532390400, '2333333333333', 2, 1),
(5, 'å°é›·', '18', 1, 'æ˜¯ä¸€ä¸ªä¼˜ç§€çš„é«˜ä¸­ç”Ÿ', 'b1Bjt8i4vxWE8Ztq8PEzhC6x.jpg', 1532390400, '13333333323', 1, 1),
(6, 'Chris', '18', 1, 'æ˜¯ä¸€ä¸ªæ™®é€šçš„é«˜ä¸­ç”Ÿ', 'placeholder.gif', 1532390400, '13333333322', 1, 1),
(7, 'Bob', '18', 1, 'ä¸€ä¸ªè€å®äºº', 'gu7g9oK1QVGnFNAv-oI5VJGj.jpg', 1532390400, '67958702', 1, 1),
(9, 'Henry', '18', 0, 'emmmmmmmm', 'zuLeceCf8yNSDdwtZSdFmimW.jpg', 1532390400, '659837410613', 1, 1),
(10, 'Eason', '18', 1, 'ä¸€ä¸ªæ•°å­¦"å¾ˆå¥½"çš„ä½“è‚²è€å¸ˆemmmmmmm', 'lYV5XhrBtN62i3xmHv1eDKOV.jpg', 1532390400, '6789304986506', 1, 1),
(17, '213213', '213213', 1, '                               \r\n      2132132132                      ', 'TJFQQT0Ajpxas60by79J-zkD.jpg', 0, '213213', 1, 0),
(18, '21321321', '21321321', 21321321, '                               \r\n                            ', 'TJFQQT0Ajpxas60by79J-zkD.jpg', 0, '21321321', 2, 1),
(19, '21321321', '2132132123', 0, '                               \r\n                            ', 'TJFQQT0Ajpxas60by79J-zkD.jpg', 0, ' ', 1, 0),
(20, '123413', '1231231', 0, '                               \r\n                            ', 'placeholder.gif', 0, ' 321131', 1, 1),
(21, 'Alan', '20', 1, '                               \r\n                            ', 'xX2_LuA_K14rfK33EkqokxRU.jpg', 1532217600, ' 56o93483294@gmail.com', 1, 1),
(22, 'Alice', '21', 0, '                               \r\n                            ', 'boNwxjEr5lmVwnoTteG7c_a5.jpg', 0, ' 12457990-5', 1, 1);

-- --------------------------------------------------------

--
-- è¡¨çš„ç»“æ„ `student_userofclass`
--

CREATE TABLE IF NOT EXISTS `student_userofclass` (
  `userofclass_id` int(11) NOT NULL AUTO_INCREMENT,
  `user_id` int(11) NOT NULL COMMENT 'è€å¸ˆå’Œå­¦ç”Ÿ     å¤–é”®',
  `class_id` int(11) DEFAULT NULL COMMENT 'æ‰€å±ç­çº§       å¤–é”®',
  `is_show` int(11) NOT NULL DEFAULT '1',
  PRIMARY KEY (`userofclass_id`),
  KEY `fk_student_userofclass_student_class1_idx` (`class_id`),
  KEY `user_id` (`user_id`),
  KEY `userofclass_id` (`userofclass_id`)
) ENGINE=InnoDB  DEFAULT CHARSET=utf8 AUTO_INCREMENT=13 ;

--
-- è½¬å­˜è¡¨ä¸­çš„æ•°æ® `student_userofclass`
--

INSERT INTO `student_userofclass` (`userofclass_id`, `user_id`, `class_id`, `is_show`) VALUES
(1, 1, 1, 1),
(2, 2, 2, 1),
(4, 4, 4, 1),
(11, 9, 2, 1),
(12, 10, 2, 1);

-- --------------------------------------------------------

--
-- è¡¨çš„ç»“æ„ `student_usertype`
--

CREATE TABLE IF NOT EXISTS `student_usertype` (
  `usertype_id` int(11) NOT NULL AUTO_INCREMENT COMMENT 'ä¸»é”®',
  `usertype_name` varchar(45) DEFAULT NULL COMMENT '''ç”¨æˆ·ç±»å‹å''',
  `is_show` int(11) NOT NULL DEFAULT '1',
  PRIMARY KEY (`usertype_id`)
) ENGINE=InnoDB  DEFAULT CHARSET=utf8 AUTO_INCREMENT=4 ;

--
-- è½¬å­˜è¡¨ä¸­çš„æ•°æ® `student_usertype`
--

INSERT INTO `student_usertype` (`usertype_id`, `usertype_name`, `is_show`) VALUES
(1, 'å­¦ç”Ÿ', 1),
(2, 'è€å¸ˆ', 1),
(3, 'ç®¡ç†å‘˜', 1);

--
-- é™åˆ¶å¯¼å‡ºçš„è¡¨
--

--
-- é™åˆ¶è¡¨ `student_accessofrole`
--
ALTER TABLE `student_accessofrole`
  ADD CONSTRAINT `student_accessofrole_ibfk_4` FOREIGN KEY (`role_id`) REFERENCES `student_role` (`role_id`) ON DELETE CASCADE ON UPDATE NO ACTION,
  ADD CONSTRAINT `student_accessofrole_ibfk_5` FOREIGN KEY (`access_id`) REFERENCES `student_access` (`access_id`) ON DELETE NO ACTION ON UPDATE NO ACTION;

--
-- é™åˆ¶è¡¨ `student_account`
--
ALTER TABLE `student_account`
  ADD CONSTRAINT `fk_student_account_student_role1` FOREIGN KEY (`role_id`) REFERENCES `student_role` (`role_id`) ON DELETE NO ACTION ON UPDATE NO ACTION,
  ADD CONSTRAINT `student_account_ibfk_1` FOREIGN KEY (`user_id`) REFERENCES `student_user` (`user_id`) ON DELETE CASCADE ON UPDATE NO ACTION;

--
-- é™åˆ¶è¡¨ `student_chat`
--
ALTER TABLE `student_chat`
  ADD CONSTRAINT `fk_student_chat_student_user1` FOREIGN KEY (`user_id`) REFERENCES `student_user` (`user_id`) ON DELETE NO ACTION ON UPDATE NO ACTION,
  ADD CONSTRAINT `fk_student_chat_student_user2` FOREIGN KEY (`other_id`) REFERENCES `student_user` (`user_id`) ON DELETE NO ACTION ON UPDATE NO ACTION;

--
-- é™åˆ¶è¡¨ `student_class`
--
ALTER TABLE `student_class`
  ADD CONSTRAINT `fk_student_class_student_user1` FOREIGN KEY (`user_id`) REFERENCES `student_user` (`user_id`) ON DELETE NO ACTION ON UPDATE NO ACTION;

--
-- é™åˆ¶è¡¨ `student_expense`
--
ALTER TABLE `student_expense`
  ADD CONSTRAINT `student_expense_ibfk_1` FOREIGN KEY (`user_id`) REFERENCES `student_user` (`user_id`) ON DELETE CASCADE ON UPDATE NO ACTION;

--
-- é™åˆ¶è¡¨ `student_feedback`
--
ALTER TABLE `student_feedback`
  ADD CONSTRAINT `fk_student_feedback_student_user1` FOREIGN KEY (`teachar_id`) REFERENCES `student_user` (`user_id`) ON DELETE NO ACTION ON UPDATE NO ACTION,
  ADD CONSTRAINT `student_feedback_ibfk_1` FOREIGN KEY (`user_id`) REFERENCES `student_user` (`user_id`) ON DELETE CASCADE ON UPDATE NO ACTION,
  ADD CONSTRAINT `student_feedback_ibfk_2` FOREIGN KEY (`class_id`) REFERENCES `student_class` (`class_id`) ON DELETE CASCADE ON UPDATE NO ACTION;

--
-- é™åˆ¶è¡¨ `student_firend`
--
ALTER TABLE `student_firend`
  ADD CONSTRAINT `student_firend_ibfk_1` FOREIGN KEY (`user_id`) REFERENCES `student_user` (`user_id`) ON DELETE CASCADE,
  ADD CONSTRAINT `student_firend_ibfk_2` FOREIGN KEY (`firenduser_id`) REFERENCES `student_user` (`user_id`) ON DELETE CASCADE;

--
-- é™åˆ¶è¡¨ `student_homework`
--
ALTER TABLE `student_homework`
  ADD CONSTRAINT `student_homework_ibfk_1` FOREIGN KEY (`user_id`) REFERENCES `student_user` (`user_id`) ON DELETE CASCADE ON UPDATE NO ACTION,
  ADD CONSTRAINT `student_homework_ibfk_2` FOREIGN KEY (`class_id`) REFERENCES `student_class` (`class_id`) ON DELETE CASCADE ON UPDATE NO ACTION;

--
-- é™åˆ¶è¡¨ `student_money`
--
ALTER TABLE `student_money`
  ADD CONSTRAINT `student_money_ibfk_1` FOREIGN KEY (`user_id`) REFERENCES `student_user` (`user_id`) ON DELETE CASCADE ON UPDATE NO ACTION;

--
-- é™åˆ¶è¡¨ `student_notice`
--
ALTER TABLE `student_notice`
  ADD CONSTRAINT `student_notice_ibfk_1` FOREIGN KEY (`class_id`) REFERENCES `student_class` (`class_id`) ON DELETE CASCADE ON UPDATE NO ACTION,
  ADD CONSTRAINT `student_notice_ibfk_2` FOREIGN KEY (`user_id`) REFERENCES `student_user` (`user_id`) ON DELETE CASCADE ON UPDATE NO ACTION;

--
-- é™åˆ¶è¡¨ `student_orderform`
--
ALTER TABLE `student_orderform`
  ADD CONSTRAINT `student_orderform_ibfk_1` FOREIGN KEY (`curriculum_id`) REFERENCES `student_curriculum` (`curriculum_id`) ON DELETE CASCADE ON UPDATE NO ACTION,
  ADD CONSTRAINT `student_orderform_ibfk_2` FOREIGN KEY (`user_id`) REFERENCES `student_user` (`user_id`) ON DELETE CASCADE ON UPDATE NO ACTION;

--
-- é™åˆ¶è¡¨ `student_stucurr`
--
ALTER TABLE `student_stucurr`
  ADD CONSTRAINT `student_stucurr_ibfk_5` FOREIGN KEY (`user_id`) REFERENCES `student_user` (`user_id`) ON DELETE CASCADE ON UPDATE NO ACTION,
  ADD CONSTRAINT `student_stucurr_ibfk_6` FOREIGN KEY (`curriculum_id`) REFERENCES `student_curriculum` (`curriculum_id`) ON DELETE CASCADE ON UPDATE NO ACTION;

--
-- é™åˆ¶è¡¨ `student_user`
--
ALTER TABLE `student_user`
  ADD CONSTRAINT `fk_student_user_student_usertype` FOREIGN KEY (`usertype_id`) REFERENCES `student_usertype` (`usertype_id`) ON DELETE NO ACTION ON UPDATE NO ACTION;

--
-- é™åˆ¶è¡¨ `student_userofclass`
--
ALTER TABLE `student_userofclass`
  ADD CONSTRAINT `student_userofclass_ibfk_1` FOREIGN KEY (`class_id`) REFERENCES `student_class` (`class_id`) ON DELETE CASCADE ON UPDATE NO ACTION,
  ADD CONSTRAINT `student_userofclass_ibfk_2` FOREIGN KEY (`user_id`) REFERENCES `student_user` (`user_id`) ON DELETE CASCADE ON UPDATE NO ACTION;

/*!40101 SET CHARACTER_SET_CLIENT=@OLD_CHARACTER_SET_CLIENT */;
/*!40101 SET CHARACTER_SET_RESULTS=@OLD_CHARACTER_SET_RESULTS */;
/*!40101 SET COLLATION_CONNECTION=@OLD_COLLATION_CONNECTION */;
